{
  "Standard PSO": {
    "cost": 322.3731871494108,
    "runtime": 4.591246843338013,
    "path_lengths": [
      261.63219750491623,
      232.57789900177306
    ]
  },
  "GTCPSO": {
    "cost": 307.77775471365305,
    "runtime": 6.659475326538086,
    "path_lengths": [
      169.51991499415954,
      165.6532334289576
    ]
  },
  "GTCPSO+HDPLO": {
    "cost": 247.71243033661375,
    "runtime": 7.338207960128784,
    "path_lengths": [
      234.38589918402369,
      203.45370202553306
    ]
  }
}