{
  "Standard PSO": {
    "cost": 252.39795849990037,
    "runtime": 2.065599203109741,
    "path_lengths": [
      251.53362476755848,
      198.09787035080328
    ]
  },
  "GTCPSO": {
    "cost": 144.94135984685573,
    "runtime": 2.620546340942383,
    "path_lengths": [
      152.1033420902694,
      194.63265378594008
    ]
  },
  "GTCPSO+HDPLO": {
    "cost": 231.31017125087442,
    "runtime": 3.031553268432617,
    "path_lengths": [
      231.89276953064274,
      196.88255919828356
    ]
  }
}