{
  "Simple": {
    "Standard PSO": {
      "cost": 392.8764553271603,
      "runtime": 2.8791117668151855,
      "path_lengths": [
        200.99373434927543,
        208.52603311858687
      ]
    },
    "GTCPSO": {
      "cost": 125.88696743534715,
      "runtime": 3.8232109546661377,
      "path_lengths": [
        148.90016036755057,
        154.61745868607468
      ]
    },
    "GTCPSO+HDPLO": {
      "cost": 216.02569116295473,
      "runtime": 6.7243430614471436,
      "path_lengths": [
        216.44425599786757,
        192.70323853638962
      ]
    }
  },
  "Moderate": {
    "Standard PSO": {
      "cost": 1306.1013922933464,
      "runtime": 3.8848793506622314,
      "path_lengths": [
        337.01303126750884,
        418.03992618179257,
        421.3481939609472
      ]
    },
    "GTCPSO": {
      "cost": 693.5102385915213,
      "runtime": 6.91441798210144,
      "path_lengths": [
        372.57881854163884,
        282.42500171410717,
        263.68184848811205
      ]
    },
    "GTCPSO+HDPLO": {
      "cost": 737.8664593094302,
      "runtime": 8.02207636833191,
      "path_lengths": [
        297.8469451955108,
        236.42296305716033,
        325.1994191193803
      ]
    }
  },
  "Complex": {
    "Standard PSO": {
      "cost": 4031.188877157395,
      "runtime": 7.737093210220337,
      "path_lengths": [
        537.7364248735034,
        435.4201840536245,
        447.1053153488385,
        472.24773755500877,
        382.00780799782615
      ]
    },
    "GTCPSO": {
      "cost": 3173.9766094650095,
      "runtime": 28.12785029411316,
      "path_lengths": [
        462.87098346361444,
        419.06289079230385,
        421.72970771181383,
        425.0486952877151,
        492.903464246098
      ]
    },
    "GTCPSO+HDPLO": {
      "cost": 2053.7437568335895,
      "runtime": 39.40980648994446,
      "path_lengths": [
        496.4715348172146,
        451.1375304694738,
        448.29163479044297,
        444.2347974240964,
        424.36475348941855
      ]
    }
  },
  "Extreme": {
    "Standard PSO": {
      "cost": 5855.305322799047,
      "runtime": 5.898869276046753,
      "path_lengths": [
        628.6439371798193,
        876.6470775171474,
        774.1624494162534,
        612.1350888867267,
        759.7342528394147
      ]
    },
    "GTCPSO": {
      "cost": 3223.890634533845,
      "runtime": 29.72303056716919,
      "path_lengths": [
        532.6696747775671,
        525.116044565403,
        446.18784230098635,
        860.6927367712503,
        531.0590607029621
      ]
    },
    "GTCPSO+HDPLO": {
      "cost": 2556.2301901384053,
      "runtime": 26.658305644989014,
      "path_lengths": [
        692.0390028718009,
        644.4749899924416,
        733.3711147021213,
        666.3550969774043,
        657.9020672858427
      ]
    }
  }
}