{
  "Simple": {
    "Standard PSO": {
      "cost": 93.95024224104075,
      "runtime": 6.354120969772339,
      "path_lengths": [
        165.13955178458713,
        210.06450125651415
      ]
    },
    "GTCPSO": {
      "cost": 39.44913707389524,
      "runtime": 17.04927659034729,
      "path_lengths": [
        150.53721515190617,
        172.1916679725106
      ]
    },
    "GTCPSO+HDPLO": {
      "cost": 84.93804354903536,
      "runtime": 23.17800259590149,
      "path_lengths": [
        215.83339222810264,
        205.71918079529877
      ]
    }
  },
  "Moderate": {
    "Standard PSO": {
      "cost": 419.4855577777848,
      "runtime": 12.947361469268799,
      "path_lengths": [
        291.73270975450737,
        285.1750556503112,
        378.2312275917125
      ]
    },
    "GTCPSO": {
      "cost": 257.980638438986,
      "runtime": 27.601468086242676,
      "path_lengths": [
        360.7265921689703,
        300.21563222049866,
        231.08735491254032
      ]
    },
    "GTCPSO+HDPLO": {
      "cost": 326.03658579884,
      "runtime": 30.48201894760132,
      "path_lengths": [
        362.7237034404801,
        332.5174193679787,
        389.5787231662302
      ]
    }
  },
  "Complex": {
    "Standard PSO": {
      "cost": 2434.950527617396,
      "runtime": 27.47022294998169,
      "path_lengths": [
        384.4052480563838,
        551.6367479260496,
        374.97652235396,
        421.5823610823324,
        406.05880479461376
      ]
    },
    "GTCPSO": {
      "cost": 804.8070241925735,
      "runtime": 73.08241105079651,
      "path_lengths": [
        387.3966752368626,
        360.61674364235967,
        416.72842975106755,
        412.5726181228025,
        344.91009272781275
      ]
    },
    "GTCPSO+HDPLO": {
      "cost": 1009.6285758571368,
      "runtime": 68.31608724594116,
      "path_lengths": [
        473.90325400125477,
        484.858630325705,
        533.5096221078205,
        483.86782123985864,
        504.9414489432814
      ]
    }
  },
  "Extreme": {
    "Standard PSO": {
      "cost": 2986.9569546522853,
      "runtime": 25.951602935791016,
      "path_lengths": [
        711.5356201854389,
        846.2840386332433,
        718.9792438886152,
        621.6734795254469,
        717.8785764527393
      ]
    },
    "GTCPSO": {
      "cost": 2273.6184438307105,
      "runtime": 80.63738131523132,
      "path_lengths": [
        619.4952674872092,
        685.5685664522255,
        723.1717972152771,
        726.0590653561017,
        732.2801562650257
      ]
    },
    "GTCPSO+HDPLO": {
      "cost": 1409.7673008499557,
      "runtime": 51.432790994644165,
      "path_lengths": [
        681.1710928285811,
        610.6484985019688,
        758.574375767037,
        631.44670082646,
        775.3597539020144
      ]
    }
  }
}