{
  "Simple": {
    "Standard PSO": {
      "cost": 322.3731871494108,
      "runtime": 3.115072250366211,
      "path_lengths": [
        261.63219750491623,
        232.57789900177306
      ]
    },
    "GTCPSO": {
      "cost": 307.77775471365305,
      "runtime": 10.015734910964966,
      "path_lengths": [
        169.51991499415954,
        165.6532334289576
      ]
    },
    "GTCPSO+HDPLO": {
      "cost": 247.71243033661375,
      "runtime": 17.91947340965271,
      "path_lengths": [
        234.38589918402369,
        203.45370202553306
      ]
    }
  },
  "Moderate": {
    "Standard PSO": {
      "cost": 1314.35298518308,
      "runtime": 13.4289710521698,
      "path_lengths": [
        419.79428562754674,
        296.88051364234224,
        497.57627184740505
      ]
    },
    "GTCPSO": {
      "cost": 605.6992721984168,
      "runtime": 25.8932044506073,
      "path_lengths": [
        292.73091388679507,
        230.46530260501663,
        270.14428827419204
      ]
    },
    "GTCPSO+HDPLO": {
      "cost": 847.8166446704336,
      "runtime": 24.034112453460693,
      "path_lengths": [
        386.9267031740786,
        378.51909298826433,
        300.4651330194746
      ]
    }
  },
  "Complex": {
    "Standard PSO": {
      "cost": 3871.188877157394,
      "runtime": 30.222286701202393,
      "path_lengths": [
        537.7364248735034,
        435.4201840536245,
        447.1053153488385,
        472.24773755500877,
        382.00780799782615
      ]
    },
    "GTCPSO": {
      "cost": 3045.6294575308666,
      "runtime": 33.26360630989075,
      "path_lengths": [
        502.6125880022761,
        445.0297663417277,
        457.75487830521706,
        420.0910559957099,
        515.1505020011474
      ]
    },
    "GTCPSO+HDPLO": {
      "cost": 2021.9478688774125,
      "runtime": 89.61947512626648,
      "path_lengths": [
        548.1944114485375,
        453.5440098291036,
        417.3475089111412,
        469.8537921886536,
        533.9803206689761
      ]
    }
  },
  "Extreme": {
    "Standard PSO": {
      "cost": 5510.273844020126,
      "runtime": 25.849475145339966,
      "path_lengths": [
        605.1819699055926,
        897.5221609370761,
        968.8764662018563,
        517.540849273619,
        638.6885298607945
      ]
    },
    "GTCPSO": {
      "cost": 3357.0675035194276,
      "runtime": 84.53390741348267,
      "path_lengths": [
        712.5622993144409,
        511.6138868105193,
        455.96441604482425,
        795.7817448057433,
        891.8898996406317
      ]
    },
    "GTCPSO+HDPLO": {
      "cost": 2570.466142639576,
      "runtime": 72.57279896736145,
      "path_lengths": [
        691.1211362731384,
        661.2907481514957,
        521.8507707087313,
        647.8445916354043,
        749.3475163274443
      ]
    }
  }
}